{
  "placeholderImages": [
    {
      "id": "hero-image",
      "description": "Student studying with focus and determination for an important exam.",
      "imageUrl": "https://picsum.photos/seed/rocket-hero/1200/800",
      "imageHint": "student studying"
    },
    {
      "id": "summary-preview-1",
      "description": "A well-organized page of notes for biology.",
      "imageUrl": "https://i.ibb.co/YB2ptDR1/Resumo1.jpg",
      "imageHint": "notes page"
    },
    {
      "id": "summary-preview-2",
      "description": "A mind map about history concepts.",
      "imageUrl": "https://i.ibb.co/Lhp2VbD5/Resumo2.jpg",
      "imageHint": "mind map"
    },
    {
      "id": "summary-preview-3",
      "description": "A summary of physics formulas.",
      "imageUrl": "https://i.ibb.co/F4mRT190/Resumo3.jpg",
      "imageHint": "formulas notes"
    },
    {
      "id": "summary-preview-4",
      "description": "A page of notes for literature.",
      "imageUrl": "https://i.ibb.co/LX32G0Kj/Resumo4.jpg",
      "imageHint": "literature summary"
    },
    {
      "id": "summary-preview-5",
      "description": "A summary about chemistry reactions.",
      "imageUrl": "https://i.ibb.co/B23qPPVd/Resumo5.jpg",
      "imageHint": "chemistry notes"
    },
    {
      "id": "summary-preview-6",
      "description": "Summary notes on Geography.",
      "imageUrl": "https://i.ibb.co/CKy2KMNX/Resumo6.jpg",
      "imageHint": "geography notes"
    },
    {
      "id": "summary-preview-7",
      "description": "Summary notes on Sociology.",
      "imageUrl": "https://i.ibb.co/DDHZGRnf/Resumo7.jpg",
      "imageHint": "sociology notes"
    },
    {
      "id": "summary-preview-8",
      "description": "Summary notes on Philosophy.",
      "imageUrl": "https://i.ibb.co/hQh0P5D/Resumo8.jpg",
      "imageHint": "philosophy notes"
    },
    {
      "id": "summary-preview-9",
      "description": "Summary notes on Portuguese.",
      "imageUrl": "https://i.ibb.co/93ynq4kB/Resumo9.jpg",
      "imageHint": "portuguese notes"
    },
    {
      "id": "testimonial-1",
      "description": "A social proof testimonial from a happy customer.",
      "imageUrl": "https://i.ibb.co/9kp3kMLH/Prova1.jpg",
      "imageHint": "testimonial social proof"
    },
    {
      "id": "testimonial-2",
      "description": "A social proof testimonial from a happy customer.",
      "imageUrl": "https://i.ibb.co/JRJDZV1N/Prova2.jpg",
      "imageHint": "testimonial social proof"
    },
    {
      "id": "testimonial-3",
      "description": "A social proof testimonial from a happy customer.",
      "imageUrl": "https://i.ibb.co/3y5xTHHc/Prova3.jpg",
      "imageHint": "testimonial social proof"
    },
    {
      "id": "testimonial-4",
      "description": "A social proof testimonial from a happy customer.",
      "imageUrl": "https://i.ibb.co/RGnWfDQw/Prova4.jpg",
      "imageHint": "testimonial social proof"
    },
    {
      "id": "testimonial-5",
      "description": "A social proof testimonial from a happy customer.",
      "imageUrl": "https://i.ibb.co/Sw87F0W7/Prova5.jpg",
      "imageHint": "testimonial social proof"
    },
    {
      "id": "testimonial-6",
      "description": "A social proof testimonial from a happy customer.",
      "imageUrl": "https://i.ibb.co/YBdLP0xD/Prova6.jpg",
      "imageHint": "testimonial social proof"
    }
  ]
}
